,cat_id,img,path,format
2589,0454,0454_010.MOV,0454/0454_010.MOV,mov
2593,0454,0454_009.MOV,0454/0454_009.MOV,mov
2597,0454,0454_011.MOV,0454/0454_011.MOV,mov
2621,0454,0454_168.MOV,0454/0454_168.MOV,mov
2630,0454,0454_007.MOV,0454/0454_007.MOV,mov
2635,0454,0454_167.MOV,0454/0454_167.MOV,mov
2655,0454,0454_021.MOV,0454/0454_021.MOV,mov
2657,0454,0454_022.MOV,0454/0454_022.MOV,mov
2664,0454,0454_012.MOV,0454/0454_012.MOV,mov
2667,0454,0454_059.MOV,0454/0454_059.MOV,mov
2670,0454,0454_216.MOV,0454/0454_216.MOV,mov
2688,0454,0454_001.MOV,0454/0454_001.MOV,mov
2689,0454,0454_155.MOV,0454/0454_155.MOV,mov
2690,0454,0454_008.MOV,0454/0454_008.MOV,mov
2691,0454,0454_144.MOV,0454/0454_144.MOV,mov
2734,0454,0454_013.MOV,0454/0454_013.MOV,mov
2740,0454,0454_065.MOV,0454/0454_065.MOV,mov
2741,0454,0454_003.MOV,0454/0454_003.MOV,mov
2745,0454,0454_215.MOV,0454/0454_215.MOV,mov
2747,0454,0454_058.MOV,0454/0454_058.MOV,mov
2757,0454,0454_159.MOV,0454/0454_159.MOV,mov
2759,0454,0454_057.MOV,0454/0454_057.MOV,mov
2764,0454,0454_024.MOV,0454/0454_024.MOV,mov
2767,0454,0454_077.MOV,0454/0454_077.MOV,mov
2769,0454,0454_228.mp4,0454/0454_228.mp4,mp4
2780,0454,0454_169.MOV,0454/0454_169.MOV,mov
2803,0454,0454_067.MOV,0454/0454_067.MOV,mov
2805,0454,0454_002.MOV,0454/0454_002.MOV,mov
3082,0200,0200_000.MOV,0200/0200_000.MOV,mov
7186,0455,0455_044.MOV,0455/0455_044.MOV,mov
7261,0455,0455_281.MOV,0455/0455_281.MOV,mov
7285,0455,0455_016.MOV,0455/0455_016.MOV,mov
7311,0455,0455_331.MOV,0455/0455_331.MOV,mov
7345,0455,0455_224.MOV,0455/0455_224.MOV,mov
7376,0455,0455_015.MOV,0455/0455_015.MOV,mov
7423,0455,0455_284.MOV,0455/0455_284.MOV,mov
7456,0455,0455_227.MOV,0455/0455_227.MOV,mov
7491,0455,0455_250.MOV,0455/0455_250.MOV,mov
7510,0455,0455_289.MOV,0455/0455_289.MOV,mov
7620,0455_357,IMG_0914.MOV,0455_357/IMG_0914.MOV,mov
7645,0455_357,IMG_8856.MOV,0455_357/IMG_8856.MOV,mov
7658,0455_357,IMG_0642.MOV,0455_357/IMG_0642.MOV,mov
7716,0455_357,IMG_7602.MOV,0455_357/IMG_7602.MOV,mov
7723,0455_357,IMG_9213.MOV,0455_357/IMG_9213.MOV,mov
7731,0455_357,IMG_9543.MOV,0455_357/IMG_9543.MOV,mov
7777,0455_357,IMG_9219.MOV,0455_357/IMG_9219.MOV,mov
7821,0455_357,IMG_0644.MOV,0455_357/IMG_0644.MOV,mov
7823,0455_357,IMG_9210.MOV,0455_357/IMG_9210.MOV,mov
7865,0455_357,IMG_7674.MOV,0455_357/IMG_7674.MOV,mov
